snippet_text,snippet_offset,snippet_posted_datetime,total_views,post_link,platform_name,post_title,post_description,creator_name,creator_link,creator_total_followers
"Amidst allegations <strong>of</strong> bias, the BBC is facing its most significant crisis in decades, following Donald Trump's threat to sue for up to $5 billion. The former U.S. president claims a BBC documentary wrongly edited his speech from January 6, 2021, leading to accusations <strong>of</strong> incitement. This has resulted in top BBC executives resigning.  Trump's legal team initially",,2025-11-15T14:42:53,,https://www.devdiscourse.com/article/politics/3699289-trump-threatens-5-billion-lawsuit-bbc-faces-unprecedented-crisis,News,Trump Threatens $5 Billion Lawsuit: BBC Faces Unprecedented Crisis,,Devdiscourse,devdiscourse.com,18657
"drugs used for anxiety and sleep disorders.  In August, the Intelligence and Investigation Service <strong>of</strong> the Netherlands Food and Consumer Product Safety Authority (NVWA) arrested three suspects in Limburg, including the two owners <strong>of</strong> Funcap, who did not have a license to sell medicines. Authorities seized a large quantity <strong>of</strong> medicines during searches <strong>of</strong> their homes and business premises",,2025-11-15T14:42:52,,https://nltimes.nl/2025/11/15/dutch-authorities-probe-dozens-deaths-linked-online-drug-sales,News,Dutch authorities probe dozens of deaths linked to online drug sales,,NL Times - Home,nltimes.nl,36983
"Investigators reportedly identified multiple fatalities among Dutch customers, including minors, though the newspaper could not confirm how many were directly linked to the substances. The Public Prosecution Service declined to comment.  The investigation began following a tip from the Health and Youth Care Inspectorate (IGJ) and police regarding the possible large-scale illegal sale <strong>of</strong> medicines, including highly addictive",,2025-11-15T14:42:52,,https://nltimes.nl/2025/11/15/dutch-authorities-probe-dozens-deaths-linked-online-drug-sales,News,Dutch authorities probe dozens of deaths linked to online drug sales,,NL Times - Home,nltimes.nl,36983
"but also tempt late night tinkering. Feels efficient, also tiring, so policies must evolve.  Expect <strong>personal</strong> work scripts next. Small, custom routines that pair calendar blocks with status cues and even room lighting. A cooler room for focus, warmer lamps for wrap-up. Light soundscapes during reviews. Tiny sensory nudges keep people present. Sounds quirky, yet offices already do this",,2025-11-15T14:42:50,,https://www.theworkersrights.com/work-life-integration-vs-balance-guide-2025/,News,What Actually Works Better in 2025: Work–Life Integration vs Balance,,The Workers Rights,theworkersrights.com,0
"pings at brunch. Security staff, plant operators, pilots, even newsroom crews on rosters. Balance gives predictability that supports mental health. Not fancy, just steady.  The model also shields attention. When teams log <strong>off</strong>, they actually log <strong>off</strong>. No half-listening during homework time, no guilt loop. It reduces task switching, which drains energy. It also sets fair expectations for managers",,2025-11-15T14:42:50,,https://www.theworkersrights.com/work-life-integration-vs-balance-guide-2025/,News,What Actually Works Better in 2025: Work–Life Integration vs Balance,,The Workers Rights,theworkersrights.com,0
"these tiny rules keep integration from turning into invisible overtime.  Which Works <strong>Better</strong> — Balance or Integration?  No grand verdict. The <strong>better</strong> model depends on job design, autonomy, and culture. A logistics hub running 24×7 needs strict shifts. A product lab with sprints can run on flexible cycles. Teams with measurable outputs handle integration well. Teams that depend",,2025-11-15T14:42:50,,https://www.theworkersrights.com/work-life-integration-vs-balance-guide-2025/,News,What Actually Works Better in 2025: Work–Life Integration vs Balance,,The Workers Rights,theworkersrights.com,0
What Actually Works <strong>Better</strong> in 2025: Work–Life Integration vs Balance,,2025-11-15T14:42:50,,https://www.theworkersrights.com/work-life-integration-vs-balance-guide-2025/,News,What Actually Works Better in 2025: Work–Life Integration vs Balance,,The Workers Rights,theworkersrights.com,0
"for playoff aspirations.  By the Numbers  The Jaguars are currently at a 5-4 record this season.  Justin Herbert leads the league in completions and attempts, ranking second in yards despite being sacked the second-most times in the NFL.  State <strong>of</strong> Play  Jacksonville's pass rush has been notably weak, statistically the worst in the NFL.",,2025-11-15T14:42:47,,https://bvmsports.com/2025/11/15/jaguars-vs-chargers-key-expert-analysis-for-crucial-week-11-clash/,News,Jaguars vs Chargers: Key Expert Analysis for Crucial Week 11 Clash,,Bvm Sports,bvmsports.com,1874
"Analysts emphasize the need for Jacksonville to put the loss behind them, improve their offensive line, and generate a <strong>better</strong> pass rush to pressure Chargers quarterback Justin Herbert. Meanwhile, the Chargers aim to take advantage <strong>of</strong> the Jaguars' struggling defense and control the line <strong>of</strong> scrimmage to secure a win. Both teams are in critical positions, <strong>making</strong> this matchup vital",,2025-11-15T14:42:47,,https://bvmsports.com/2025/11/15/jaguars-vs-chargers-key-expert-analysis-for-crucial-week-11-clash/,News,Jaguars vs Chargers: Key Expert Analysis for Crucial Week 11 Clash,,Bvm Sports,bvmsports.com,1874
"in AZ, CO, IA, IL, IN, KS, KY, LA, MD, NC, NJ, OH, PA, TN, VA only. Bet $5 and Get $200 in Bonus Bets at bet365. Minimum odds -500 <strong>of</strong> greater.",,2025-11-15T14:42:47,,https://americantalk.live/bet365-bonus-code-nypbet-bet-5-get-200-in-bonus-bets-for-oklahoma-vs-alabama/,News,"bet365 bonus code NYPBET: Bet $5, get $200 in bonus bets for Oklahoma vs. Alabama",,American Talk,americantalk.live,2
"Sooners pull it <strong>off</strong>?  bet365 bonus code NYPBET: Alabama vs. Oklahoma  Betting on college football? There's a welcome offer at bet365 where new users can bet $5 and get $200 in bonus bets, whether the bet wins or loses.  You can use the bet365 promo code NYPBET to unlock the offer for this crucial clash.  New",,2025-11-15T14:42:47,,https://americantalk.live/bet365-bonus-code-nypbet-bet-5-get-200-in-bonus-bets-for-oklahoma-vs-alabama/,News,"bet365 bonus code NYPBET: Bet $5, get $200 in bonus bets for Oklahoma vs. Alabama",,American Talk,americantalk.live,2
period the place inflation would now not be a hazard and bond yields would stay depressed. In 2020 the Fed modified its <strong>financial</strong> coverage framework to underscore that below-target inflation had change into the best problem. It now appears clear that these abnormally low inflation charges and bond yields had been a cyclical phenomenon. Present yield ranges are far more,,2025-11-15T14:42:46,,https://forbespanama.com/4-guiding-ideas-to-navigate-a-brand-new-unsure-atmosphere-fortune/,News,4 guiding ideas to navigate a brand new unsure atmosphere | Fortune,,Forbes Panama - Markets,forbespanama.com,0
"The summer time break isn't a real break any longer — a superb summer time lately is one which goes by and not using a main international disaster.  However there may be at all times so much happening, and our hyperconnected world makes it unimaginable to not hold paying consideration. Because the begin <strong>of</strong> the 12 months, now we",,2025-11-15T14:42:46,,https://forbespanama.com/4-guiding-ideas-to-navigate-a-brand-new-unsure-atmosphere-fortune/,News,4 guiding ideas to navigate a brand new unsure atmosphere | Fortune,,Forbes Panama - Markets,forbespanama.com,0
daunting and thrilling. The uncertainty surrounding us means now we have so much to be taught. However these 4 ideas may also help us handle the dangers and reap the benefits <strong>of</strong> the alternatives that this fast-changing macro atmosphere will current.  The opinions expressed in Fortune.com commentary items are solely the views <strong>of</strong> their authors and don't essentially mirror,,2025-11-15T14:42:46,,https://forbespanama.com/4-guiding-ideas-to-navigate-a-brand-new-unsure-atmosphere-fortune/,News,4 guiding ideas to navigate a brand new unsure atmosphere | Fortune,,Forbes Panama - Markets,forbespanama.com,0
"alternatives to each debtors and buyers. All these steps are tailor-made to create speedy worth for purchasers and shareholders, however additionally they serve to create optionality, to broaden the set <strong>of</strong> instruments that may permit us as an organization and the trade at massive to deal with the unexpected new developments that lie forward.  This unstable atmosphere is each",,2025-11-15T14:42:46,,https://forbespanama.com/4-guiding-ideas-to-navigate-a-brand-new-unsure-atmosphere-fortune/,News,4 guiding ideas to navigate a brand new unsure atmosphere | Fortune,,Forbes Panama - Markets,forbespanama.com,0
"<strong>cost</strong>, or subscription fee needed to view the title on the Where to watch card, even though that information would be useful. It also omits IMDb ratings and a direct YouTube link, both <strong>of</strong> which could have been useful additions for viewers.  This feels slightly limited because Google Search already shows where you can stream a title when you",,2025-11-15T14:42:39,,https://www.androidcentral.com/apps-software/google-play-store/google-play-search-where-tv-show-movie-is-streaming,News,Google Play enhances search with new 'Where to watch' streaming feature,,Android Central,androidcentral.com,142853
"the House seeking answers on insecurity in his constituency reflected his unwavering commitment to his people,” Wetang'ula said during the funeral.  The endorsement <strong>of</strong> Tubi Mohamed Tubi mirrors a recent trend in Kenyan politics, where the children <strong>of</strong> late MPs contest by-elections for their parents' seats. In September 2025, Boyd Were, son <strong>of</strong> the late Kasipul MP Charles Ong'ondo",,2025-11-15T14:42:38,,https://peopledaily.digital/inside-politics/isiolo-elders-endorse-late-mp-tubi-bidus-son-for-by-election,News,Isiolo elders endorse late MP Tubi Bidu's son for by-election,,People Daily - Inside Politics,peopledaily.digital,1154
"elders' resolution and stand firmly behind their unified voice.”  “In the interest <strong>of</strong> preserving harmony, strengthening cohesion, and avoiding unnecessary division at this sensitive moment, I respectfully urge all those who had expressed interest in the seat to graciously defer their ambitions until the 2027 General Elections.”  “This is a moment for solidarity, not competition. We therefore encourage",,2025-11-15T14:42:38,,https://peopledaily.digital/inside-politics/isiolo-elders-endorse-late-mp-tubi-bidus-son-for-by-election,News,Isiolo elders endorse late MP Tubi Bidu's son for by-election,,People Daily - Inside Politics,peopledaily.digital,1154
"Tubi Mohamed Tubi to proceed UNOPPOSED, as this would serve as a strong symbol <strong>of</strong> unity, continuity, and respect for the collective will <strong>of</strong> our community.”  Tubi Mohamed Tubi's endorsement comes two days after his father, Tubi Bidu Mohamed, was buried. The late MP passed away on November 12, 2025 at Nairobi Hospital.  Dedicated service and leadership",,2025-11-15T14:42:38,,https://peopledaily.digital/inside-politics/isiolo-elders-endorse-late-mp-tubi-bidus-son-for-by-election,News,Isiolo elders endorse late MP Tubi Bidu's son for by-election,,People Daily - Inside Politics,peopledaily.digital,1154
"Were, won the ODM ticket for the Kasipul by-election.  Author  Kenneth Mwenda  Kenneth Mwenda is a digital writer with over five years <strong>of</strong> experience. He graduated in February 2022 with a Bachelor <strong>of</strong> Commerce in Finance from The Co-operative University <strong>of</strong> Kenya. He has written news and feature stories for platforms such as Construction Review Online, Sports",,2025-11-15T14:42:38,,https://peopledaily.digital/inside-politics/isiolo-elders-endorse-late-mp-tubi-bidus-son-for-by-election,News,Isiolo elders endorse late MP Tubi Bidu's son for by-election,,People Daily - Inside Politics,peopledaily.digital,1154
"He was the fifth legislator <strong>of</strong> the current Parliament to die in office, following the deaths <strong>of</strong> Baringo Senator William Cheptumo, Malava MP Moses Malulu Injendi, Kasipul MP Charles Ong'ondo Were, and Banisa MP Kullow Maalim Hassan.  During his tenure, Tubi Bidu Mohamed served on the Departmental Committee on Environment, Forestry and Mining and the Public Petitions Committee. He",,2025-11-15T14:42:38,,https://peopledaily.digital/inside-politics/isiolo-elders-endorse-late-mp-tubi-bidus-son-for-by-election,News,Isiolo elders endorse late MP Tubi Bidu's son for by-election,,People Daily - Inside Politics,peopledaily.digital,1154
"cooperation in deepening this very important relationship in areas like security cooperation, in areas like people to people contact. And also, in terms <strong>of</strong> trade and investment, cultural cooperation, as you know, sports and culture is a major pillar <strong>of</strong> our cooperation in terms <strong>of</strong> cementing ties between our respective countries,"" Sooklal told IANS.  He highlighted that the India-South",,2025-11-15T14:42:37,,https://www.socialnews.xyz/2025/11/15/pm-modi-and-president-ramaphosa-set-to-bolster-india-south-africa-partnership-during-g20-summit-envoy/,News,PM Modi and President Ramaphosa set to bolster India-South Africa partnership during G20 Summit: Envoy,,Social News XYZ - All Stories,socialnews.xyz,994
"<strong>of</strong> course, as I've said, we have a shared history,"" he added.  On Thursday, while speaking in Kliptown, Ramaphosa said South Africa is ready to welcome world leaders and deliver a successful meeting as most G20 leaders have confirmed their attendance.  Source: IANS",,2025-11-15T14:42:37,,https://www.socialnews.xyz/2025/11/15/pm-modi-and-president-ramaphosa-set-to-bolster-india-south-africa-partnership-during-g20-summit-envoy/,News,PM Modi and President Ramaphosa set to bolster India-South Africa partnership during G20 Summit: Envoy,,Social News XYZ - All Stories,socialnews.xyz,994
"Africa partnership is based on a shared history and remains a historical relationship.  ""Being countries <strong>of</strong> the Global South, India and South Africa, we both have suffered from exploitation and colonialism and came out <strong>of</strong> a difficult past. But we are both leading countries <strong>of</strong> the Global South today. We are member states <strong>of</strong> many Global South formations. The",,2025-11-15T14:42:37,,https://www.socialnews.xyz/2025/11/15/pm-modi-and-president-ramaphosa-set-to-bolster-india-south-africa-partnership-during-g20-summit-envoy/,News,PM Modi and President Ramaphosa set to bolster India-South Africa partnership during G20 Summit: Envoy,,Social News XYZ - All Stories,socialnews.xyz,994
"security cooperation, people-to-people contact, etc.  ""India was one <strong>of</strong> the first countries to support our struggle against apartheid and to support our liberation struggle. Since we became a democracy in 1994, our relationship has grown significantly. India is our third largest trading partner, one <strong>of</strong> our most important global partners. We have a very deep foundation that underpins our",,2025-11-15T14:42:37,,https://www.socialnews.xyz/2025/11/15/pm-modi-and-president-ramaphosa-set-to-bolster-india-south-africa-partnership-during-g20-summit-envoy/,News,PM Modi and President Ramaphosa set to bolster India-South Africa partnership during G20 Summit: Envoy,,Social News XYZ - All Stories,socialnews.xyz,994
